OSR,C,Adc11,Adc12,R11,R12,GBW1,GBW2,Cp1,Cp2,IIP3,gm
143.40991,7.8883217e-10,2064.3477,1520.4775,2844442.8,1563021.2,314364320.0,125110330.0,9.220109e-11,1.6475613e-10,7.05642,0.0013703484
