OSR,Adc,gm,Io,Vn
193.22429,421.9117,2.4332294e-05,0.001423264,1.2377863e-08
