OSR,Adc1,gm1,Io1,Adc2,gm2,Io2
335.2944,207.32053,0.00019437609,0.02318877,100.0,0.000100000005,0.0052779224
